{
  "project_info": {
    "project_number": "520074016641",
    "firebase_url": "https://yashraj-raj-project2-final-default-rtdb.firebaseio.com",
    "project_id": "yashraj-raj-project2-final",
    "storage_bucket": "yashraj-raj-project2-final.appspot.com"
  },
  "client": [
    {
      "client_info": {
        "mobilesdk_app_id": "1:520074016641:android:2cb24208f54d774588da80",
        "android_client_info": {
          "package_name": "com.example.yashraj_raj_project2"
        }
      },
      "oauth_client": [],
      "api_key": [
        {
          "current_key": "AIzaSyDD2G26ANENO1V9kI1qMkKVot-9r07GNSU"
        }
      ],
      "services": {
        "appinvite_service": {
          "other_platform_oauth_client": []
        }
      }
    }
  ],
  "configuration_version": "1"
}